track,artist,release_date,repeated
Taste Of Blood,Archive,1990-05-21,42
Jerusalem,Anúna,2020-01-24,37
La ballata dell'uomo in piu,Peppino Gagliardi,1995,32
Rinaldo / Act 2: Lascia ch'io pianga,George Frideric Handel,2023-03-14,31
DIS-MOI OUI,Says'z,2022-07-01,31
Moments (Lahzeha),Hamed Nikpay,2008-11-06,30
Lachrimae,John Dowland,2005-01-01,29
Years of Silence (Live),Thurisaz,2015-01-24,28
Bregovic: Ederlezi,Goran Bregović,2003-06-02,26
L'italiano,Toto Cutugno,1983-02-01,25
End of the World - Remastered,Blackfield,2007-01-01,24
"Amsterdam - Live, Olympia / 1964",Jacques Brel,1964,22
Ulysses' Gaze: 1. Ulysses' Theme,Eleni Karaindrou,2023-03-06,22
Carmina Burana: O Fortuna,Carl Orff,2009-11-23,21
Amsterdam,Gregory Alan Isakov,2013-07-09,20
"Miserere mei, Deus",Gregorio Allegri,1994-02-15,20
Feathered Indians,Tyler Childers,2017-08-04,19
Cats: Memory,Andrew Lloyd Webber,2007-01-01,19
Flying - Remastered 2009,The Beatles,1967-11-27,19
Medici,Nicola Piovani,1994,18
Bab' Azîz,Armand Amar,2005-12-01,18
Nothing Compares 2 U,Sinéad O'Connor,1990-07-01,18
Felicità,Al Bano And Romina Power,1982,18
Gigi l'amoroso,Dalida,1997-01-01,18
Nothing Else Matters (Remastered),Metallica,1991-08-12,17
Echoes,Nomadias,2022-10-23,17
"Take Me Home, Country Roads",John Denver,1997-06-17,17
The Room Upstairs,Alstad,2021-02-12,17
A Soulmate Who Wasn’t Meant to Be,Jess Benko,2019-07-19,17
Robin's Cello,Phoria,2020-11-27,17
Soul Lotion,Cadet de l'espace,2018-06-15,16
Famous Blue Raincoat,Leonard Cohen,1971-03-19,16
"Comptine d'un autre été, l'après-midi",Yann Tiersen,2001-04-23,16
Persistence,Johann Eder,2020-09-09,16
De Usuahia a la Quiaca,Gustavo Santaolalla,2004-01-01,16
Anthem Part Two,blink-182,2001,16
It's Not Ice,Tristan Eckerson,2019-10-18,16
Gnossienne No. 1,Erik Satie,2013,16
Cavatina,Stanley Myers,1984,15
"Waltz - From ""The Boorish""",Eleni Karaindrou,2015-12-08,15
Amazing Grace (Arr. William Ross),John Newton,2020-04-12,15
Solitude,Billie Holiday,1956-01-01,15
Un Instante,Gigi Borrelli,2021-04-10,15
Somersault,Richy Mitch & The Coal Miners,2019-06-20,15
"Ständchen, S. 560 (Trans. from Schwanengesang No. 4, D. 957)",Franz Schubert,2019-03-15,15
The Dress,Dijon,2021-11-05,14
Elise,The Greeting Committee,2017-02-24,14
Berceuse,Sounds from a Box,2022-12-19,14
Silentness,Jasmin Lambert,2021-03-30,14
Hindsight,Echosmith,2023-03-10,14
Koto - piano room,Hideyuki Hashimoto,2022-11-25,14
Mr. Lonely,Midland,2019-08-23,14
La vita e bella,Café Voyage,2017-01-13,14
Khareji (Foreigner),Bomrani,2020-08-05,14
The Sound of Silence,Disturbed,2015-08-21,14
Adagio,Baby Queenie,2023-02-24,14
La bevitrice d'assenzio,Federica Fornabaio,2018-03-09,14
Slow Retrieve,Joseph Stanley,2021-06-04,14
Just A Dream,Nelly,2010-11-12,13
Serendipity - Full Length Edition,BTS,2018-08-24,13
Desert Skies,The Marshall Tucker Band,1977-01-01,13
Lifeboat (Lovers Rock),Penguin Cafe Orchestra,2017-12-01,13
Wistful Heart,Matthias Gusset,2021-02-26,13
Montmarte,Amandine Moulin,2021-04-06,13
"Chopin: Nocturne No. 20 in C-Sharp Minor, Op. Posth.",Frédéric Chopin,2000-01-01,13
South Road,Anne Dubbot,2020-11-27,13
Overture-找自己 - Live,David Tao,2003-09-09,13
Moods Anemoia,Mario Viñuela,2020-12-09,13
You And Me,Lifehouse,2005-03-22,12
Tomorrow's Song,Ólafur Arnalds,2016-11-04,12
Hyvää iltaa kultasein,Ensemble Gamut!,2020-12-04,12
Wish You Were Here - 2016 Remaster,Fleetwood Mac,1982-06-18,12
Healing Light: A Celtic Prayer - 360° / 8D Binaural Version,Karl Jenkins,2020-11-13,12
Whispered Winds,Ensidya,2021-08-13,12
"Valse lente, Op. 33 (arr. for orchestra)",Oskar Merikanto,2010-04-01,12
Komorebi,v i v,2022-02-15,12
East London Street - No Drums Version,Hidden Orchestra,2017-09-22,12
Aegean Fantaisie,Jase Moran,2020-09-21,12
All This Will Happen Again,Andrew Bayer,2013-05-20,12
Arghavan,Alireza Ghorbani,2012,12
Le voyage de sahar,Anouar Brahem,2006-02-24,12
A World Without Pain,Daigo Hanada,2021-03-12,12
The Seal Lullaby,Eric Whitacre,2010-01-01,12
Moonlight,XXXTENTACION,2018-03-16,12
oh my love,FKA twigs,2022-01-14,12
Baroon Barooneh,Viguen,2004-11-10,12
Abandoned,Rod Wave,2019-11-01,11
Where's the Revolution,Depeche Mode,2017-03-17,11
True Love Waits,Radiohead,2016-05-08,11
Spa Music,Spa,2017-01-31,11
Wicked Game,Chris Isaak,1989-06-13,11
A Sense of Symmetry - Day 1,Ludovico Einaudi,2019-03-15,11
overcast,Sophia Lopez,2021-03-03,11
Humankind,Coldplay,2021-10-15,11
Valentine My Funny,F.S. Blumm,2016-04-01,11
Mama Said,Lukas Graham,2016-04-01,11
Beneath the Crystal Veil,Luke Faulkner,2021-04-30,11
This Reminds You - Satie Remix,Remy Van Kesteren,2019-02-15,11
Sleepsong (Arr. Desmond Earley),Rolf Løvland,2015-12-11,11
Requiem For Willy Loman - Live,Eleni Karaindrou,2013-01-25,11
Quasar,Tevvez,2021-06-07,11
Schwanenlied,Fanny Mendelssohn,2015-09-04,11
Diaries (from Home),Dirk Maassen,2020-11-27,11
Zendehbahd Eshgh,Hassan Shamaizadeh,1998,11
Way of Life,Cypress Spring,2017-02-03,11
"Les Contes d'Hoffmann / Act III: Barcarolle (Arr. for Violin, Cello, Piano and String Ensemble by Aleksandar Sedlar)",Jacques Offenbach,2021-06-19,11
Time in a Bottle,Jim Croce,1972-04-01,11
Voyage To Cythera: Voyage To Cythera - Live,Eleni Karaindrou,2006-09-15,10
Daryaye Toofani,Siavash Ghomayshi,1992-06-01,10
Parting of the Sensory,Modest Mouse,2007-03-20,10
Desire,Juice WRLD,2019-03-08,10
Peaceful Easy Feeling - 2013 Remaster,Eagles,1972,10
"Departute for Greece: The Letter - From ""Victory""",Eleni Karaindrou,2010-12-01,10
What He Wrote,Laura Marling,2010-01-01,10
Esmet ChiChie,Arash,2017-06-25,10
Playing Love,Isak Danielson,2019-03-29,10
Waltz By The River,Eleni Karaindrou,2009-02-06,10
Evenfall,Sadie Hume,2022-02-17,10
Van den Budenmayer: Concerto en mi mineur - SBI 152 - Version de 1798,Zbigniew Preisner,1991,10
Now You Can Sleep,Crows in the Rain,2019-04-22,10
Ey Sareban,Mohsen Namjoo,2005-11-01,10
"Wiegenlied, Op. 49, No. 4 (Arr. for Cello and Piano) [Brahms Lullaby]",Johannes Brahms,2015-09-18,10
Love Theme - From Nuovo Cinema Paradiso,Ennio Morricone,2020-04-06,10
"Happy Homecoming, Comrade: Return - Live",Eleni Karaindrou,2006-09-15,10
Blues sur Seine,Paolo Fresu,2019-01-25,10
La vérité,Mano Vecina,2020-02-18,10
Kaleidoscope,A Great Big World,2015-11-13,10
Time to Grow,Collective Efforts,2010-02-15,10
HEAVEN'S GATES (feat. Izzy Camina) - Manila Killa Remix,Devault,2022-09-02,10
The Last of Us,Gustavo Santaolalla,2013-06-07,10
"Nisi Dominus, RV 608: 4. Cum dederit dilectis suis (Arr. Cello)",Antonio Vivaldi,2019-09-20,10
Bianca Stratford,BB Bean,2021-10-01,10
L'Inverno (Winter) Op. 8 No. 4 in F minor: II. Largo,Antonio Vivaldi,2019-10-25,10
"The Well-Tempered Clavier: Book 1, BWV 846-869: 1. Prelude in C Major, BWV 846",Rogerio Tutti,2021-01-23,9
There Marched the Soldiers,The Red Army Choir,1996-02-16,9
Silent Dreams,The City of Birches,2020-11-20,9
The Volga Burlack's Song,The Red Army Choir,1996-02-16,9
Jill's Theme - 2016 Version,Ennio Morricone,2016-11-11,9
Laylaa Khanoom,Sima Bina,2015-11-17,9
Shrike,Hozier,2019-03-01,9
"Nocturnes, Op. 9: No. 2, Andante in E-flat major (Arranged for Saxophone and Piano)",Amy Dickson,2018-10-26,9
"The Flower Duet (From ""Lakmé"")",Katherine Jenkins,2006-01-01,9
Nocturne in Green,Rand Aldo,2019-12-06,9
Mamnoonam,Reza Sadeghi,2007,9
Homecoming,Kanye West,2007-09-11,9
Memories,Conan Gray,2022-06-24,9
Seduction,Eminem,2010-06-18,9
"Symphony No. 3, Op. 36: II. Lento e Largo - Tranquillissimo",Henryk Górecki,1992-03-09,9
Monmartre,Serouj,2019-01-29,9
Supposing,Infinity Ripple,2019-12-06,9
"Vivaldi Variation (Arr. for Piano from Concerto for Strings in G Minor, RV 156)",Antonio Vivaldi,2018-10-26,9
VAULTS,BRONSON,2020-08-07,9
Gnossiennes No. 1 - Arr. David le Page,Orchestra of the Swan,2021-01-22,9
Due Tramonti - Remastered 2020,Ludovico Einaudi,2023-03-09,9
Green Mountain Road,Adam Torres,2017-02-24,9
Infinityplusone,15.,2020-12-18,9
"Row, Row, Row Your Boat",Sophie Sunshine,2022-07-17,9
Baby Where You Are,Mountain Man,2018-09-21,9
"Comptine d'un autre été, l'après-midi",Yann Tiersen,2001-04-23,9
Dance with Me,CORBAL,2018-05-14,9
When We Beat The Odds,Willow J. Wilson,2021-03-31,9
Adagio (Var. 1990),Eleni Karaindrou,1991-09-01,9
Adagio in G Minor (Arr. for Harp and Orchestra),Tomaso Albinoni,2012-03-09,9
Why Worry,Set It Off,2014-10-14,9
When I'm Gone,3 Doors Down,2002-11-12,9
Waves Know Shores,The Vernon Spring,2020-02-14,9
Barber: Adagio for Strings,Samuel Barber,2010-01-18,9
La Mer,Chantal Chamberland,2008-01-01,8
Man Mast,Mohsen Namjoo,2014-05-28,8
Look Inside Yourself,Edvard Kravchuk,2020-03-16,8
"Rigoletto, Act III: La donna è mobile",Giuseppe Verdi,2020-03-06,8
Klangfall - Piano Version,Joep Beving,2020-01-17,8
La vie en rose - Single Version,Louis Armstrong,1994-01-01,8
"Klarinettenkonzert A-Dur, K. 622: 2. Adagio (Jenseits von Afrika): Clarinet Concerto in A Major, K. 622: II. Adagio",Wolfgang Amadeus Mozart,1997-06-27,8
May It Be,Enya,2009-12-01,8
Thoughts Of Home,Eloy,1975,8
Imagine - Remastered 2010,John Lennon,1971-09-09,8
"Torn Apart, Pt II (Bastille Vs. GRADES Vs. Lizzo)",Bastille,2014-12-01,8
Chi Mai - Live,Ennio Morricone,2016-11-11,8
"Dark eyes ('Ochi chornye,' 'Black Eyes'), folk song",Giovanni,2012-01-01,8
Children Of The Dawn - Imperatorz Remix,E-Force,2023-02-02,8
Stuff We Did,Michael Giacchino,2009-01-01,8
Momentum,Lofi Fruits Music,2022-06-17,8
Soporific Breath,Mindful Measures,2023-03-15,8
Adagio in G Minor (Arr. for Harp and Orchestra),Tomaso Albinoni,2012-03-09,8
Someone You Loved,Lewis Capaldi,2019-05-17,8
Rosa's Song (1982),Eleni Karaindrou,1991-09-01,8
Mitra’s Theme - Walking in Tehran,Eleni Karaindrou,2019-01-25,8
Spring Rain,Deszcz,2021-02-23,8
Death Is the Road to Awe (feat. Kronos Quartet),Clint Mansell,2006-11-10,8
Our Love Is Here To Stay,Natalie Cole,1991-06-11,8
On Earth As It Is In Heaven,Ennio Morricone,1986,8
Hasretinle Yandı Gönlüm,Edip Akbayram,2003-10-08,7
Tsirani Tsar,Tigran Hamasyan,2016-09-02,7
Internal Flight (Remastered),Estas Tonne,2018-03-21,7
O Mio Babbino Caro,Bae Bee,2021-03-17,7
Ravayat-E Ma,Ehsan Matoori,2019-04-27,7
Che Bashad,Mohsen Namjoo,2020-03-04,7
Trampoline - Acoustic,Highland Peak,2019-11-22,7
Nuvole Bianche,Ludovico Einaudi,2023-03-16,7
Stationary Traveler,brz,2023-03-06,7
In The Androgynous Dark,Brambles,2012-10-22,7
"Carnaval de Paris - 12"" Mix",Dario G,1998-05-18,7
It's Happening Again - Instrumental,Agnes Obel,2016-11-18,7
Bird's Teardrops,Estas Tonne,2019-03-05,7
Matches - Day 1,Ludovico Einaudi,2019-03-15,7
L'enfance,Zbigniew Preisner,1991,7
Spiegel im Spiegel - Version for Violin and Piano,Arvo Pärt,1999-10-15,7
All Gone (No Escape),Gustavo Santaolalla,2013-06-07,7
"Sonata No. 14 ""Moonlight"" in C-Sharp Minor"", Op. 27 No. 2: I. Adagio sostenuto",Ludwig van Beethoven,2007-09-25,7
Opus 37,Dustin O'Halloran,2004-09-13,7
Anchor,Novo Amor,2017-05-26,7
"Lake Song - From ""The Seagull""",Eleni Karaindrou,2015-12-08,7
"The Last Man In My Life - From ""Song And Dance""",Orlando Pops Orchestra,2023-03-17,7
Perfect,Ed Sheeran,2017-03-03,7
Tears in Heaven - Acoustic Live,Eric Clapton,1992-08-25,7
when the party's over,Billie Eilish,2019-03-29,7
"O, Field, My Field (Polyushko pole)",Lev Knipper,1996-02-16,7
Sarà Perché Ti Amo (Sped Up) - Remix,Xanemusic,2023-03-06,7
"Don Giovanni, ossia Il dissoluto punito, K.527 / Act 1: ""Là ci darem la mano""",Wolfgang Amadeus Mozart,2012-01-01,7
Eternal Sunshine of the Spotless Mind Theme - Piano Version,Ams,2019-04-06,7
Ey Eshgh,Dariush,2004-10-18,7
Ripples (Echoes),Harbours & Oceans,2020-02-14,7
"Die Zauberflöte, K. 620, Act II: No. 14, Der Hölle Rache ""Queen of the Night Aria""",Wolfgang Amadeus Mozart,2023-03-17,7
"Fauré: Pavane, Op. 50",Gabriel Fauré,2014-11-11,6
My Soul Is Lemonade,Kai Straw,2021-05-28,6
Leave Me No Light,April Rain,2015-09-30,6
Father And Son,Yusuf / Cat Stevens,1970-11-23,6
Balett,Charles Weathersby,2020-05-29,6
Awakening,2Time,2022-08-30,6
When Orange is the Sky,Fabrizio Paterlini,2020-06-05,6
You & I,One Direction,2013-11-25,6
Zona Rosa,Caoimhín Ó Raghallaigh,2019-09-13,6
Szundikál,Mayer Julcsa,2019-12-13,6
Dadim Raft Toro,Behzad Leito,2015-01-14,6
"Nocturne in C-Sharp Minor, B. 49",Frédéric Chopin,2023-03-15,6
Song For Saul,They Dream By Day,2019-03-01,6
Veronique The Doll,Misha Segal,2022-09-12,6
Starships,Nicki Minaj,2011-01-01,6
Caruso,Lucio Dalla,2023-03-16,6
Désabusé,Joaqin Trudet,2018-05-07,6
Donyaye In Roozaye Man,Dariush,2010-06-01,6
Ranada,YoungBoy Never Broke Again,2019-10-11,6
A Thousand Years,Christina Perri,2011-10-18,6
Whitby,Stephan Moccio,2020-05-01,6
The Choice Is Yours (Revisited),Black Sheep,1991-01-01,6
Distant Glow,Rannar Sillard,2019-09-06,6
Amethyst,Spirit Minds,2022-09-12,6
Nueva Palmira,Slowdonia,2019-07-26,5
Thème: 1ère transcription,Zbigniew Preisner,1991,5
From Here We Can See,Rannar Sillard,2019-09-06,5
The Truman Show: Truman Sleeps - Short Version,Philip Glass,2015-02-23,5
"Love Is All Around - From ""Four Weddings And A Funeral""",Wet Wet Wet,1995-04-10,5
And We Will Shine,Dirk Maassen,2014-06-22,5
Reconciliation Theme - Var.,Eleni Karaindrou,2019-01-25,5
Fracture,Stephan Moccio,2020-04-17,5
How to Be Invisible,Thrupence,2019-05-03,5
Saghi Nameh Storyteller,Art Tawanghar,2022-01-28,5
"Sicilienne, Op. 78",Gabriel Fauré,2012-04-03,4
The Sound of Silence - Acoustic Version,Simon & Garfunkel,1964-10-19,4
Katyusha,The Red Army Choir,2020-05-22,4
Mia Fora Thymamai,Stereomatic,2008-01-02,4
Eternity And A Day: 2. By The Sea,Eleni Karaindrou,1998-12-01,4
Merry-Go-Round of Life - from 'Howl's Moving Castle',Joe Hisaishi,2005-01-26,4
"Liebestraum No. 3 in A-Flat Major, S. 541 / 3",Franz Liszt,2011-08-22,4
"Turandot, SC 91, Act III: Nessun dorma!",Giacomo Puccini,1973-01-01,4
"Concerto grosso in B-Flat Major, Op. 6 No. 7, HWV 325: I. Largo",George Frideric Handel,2020-01-17,4
Little's Theme,Nicholas Britell,2016-10-21,4
Written On The Sky,Max Richter,2023-03-17,4
Passionfruit,Drake,2017-03-18,4
Together We Will Live Forever,Clint Mansell,2006-11-10,4
Tasnif–e Mobtalâ (feat. Hasan Yusefzamani),Mohammad-Reza Shajarian,1977-08-18,4
Canto nascosto,Enrico Pieranunzi,2000-01-01,4
We Are The World - Live,Michael Jackson,2020-04-04,4
In The Androgynous Dark,Brambles,2012-10-22,4
Tears in Heaven - Acoustic Live,Eric Clapton,1992-08-25,3
"6 Consolations, S. 172: No. 3 in D-Flat Major (Lento, placido)",Franz Liszt,1992-01-01,3
7 Peces de joventut (Youthful Pieces): Record,Manuel Blancafort,2003-08-01,3
Petal One,Areni Agbabian,2019-04-26,3
At Home,Slow Pulp,2018-06-05,3
Armstrong Cabin,Justin Hurwitz,2018-10-12,3
The Departure,Max Richter,2023-03-16,3
Love Theme,Lucie Jean,2022-01-21,3
Solid (feat. Drake),Young Stoner Life,2021-04-16,3
"Handel / Orch. Hale: Keyboard Suite No. 4 in D Minor, HWV 437: III. Sarabande",George Frideric Handel,2002,3
"Suite bergamasque, L. 75: III. Clair de lune",Claude Debussy,2018-07-27,3
Sonata No. 42 in D Minor (Arr. Ólafsson),Domenico Cimarosa,2021-09-03,3
Pärt: Spiegel im Spiegel,Arvo Pärt,2021-09-10,3
Time To Say Goodbye (Con Te Partirò),Vampire Weekend,2014-01-01,3
Sarnevesht,Imanemun,2019-08-27,3
Norrsken,Lo Enemark,2022-02-23,3
Nostalgia Song - Live,Eleni Karaindrou,2013-01-25,3
Dadim Raft Toro,Behzad Leito,2015-01-14,3
Remove The Complexities,Peter Sandberg,2016-06-17,3
Tokka,Agnes Obel,2013-09-30,3
Opening Sequence,TOMORROW X TOGETHER,2022-05-09,3
Betty et Zorg,Gabriel Yared,2006-05-09,3
"Lyric Pieces, Book 1, Op. 12: I. Arietta",Edvard Grieg,2015-05-18,2
När trollmor har lagt sina elva små troll,Melody Spencer,2023-02-03,2
Nocturne Op. 9 No. 2,Frédéric Chopin,2015-01-21,2
"Pavane, Op. 50 (arr. H. Busser for cello and piano)",Gabriel Fauré,2010-02-23,2
"Arcadiana, Op. 12: VI. O Albion",Thomas Adès,2016-04-15,2
Watching You In The Morning,Waltzin,2020-10-16,2
Ferme Les Yeux,Sylvain Chauveau,2004-04-15,2
Vladimir's Blues,Max Richter,2023-03-16,2
Malinconico Pierrot in C-Sharp Minor,Claudio Gizzi,2014,2
Old Enough To Understand,Benjamin Sem,2022-06-30,2
Odchodząc - Remastered 2021,Grzegorz Ciechowski,2021-12-03,2
Notes II,Eleni Karaindrou,2009-02-06,2
سرود آزادی,Ethnic Musicians,2022-10-31,2
Baraye,Shervin Hajipour,2022-09-27,2
Vivaldi: The New Four Seasons: Summer: 6 Destiny,Nigel Kennedy,2015-10-09,2
Fjærland,Erica Statværd,2023-01-27,2
Hamgonah,Sogand,2020-12-24,2
Alaska,Maggie Rogers,2019-01-18,2
"Nocturne No. 1 In B Flat Minor, Op. 9 No. 1",Frédéric Chopin,2023-03-16,2
On the Nature of Daylight,Max Richter,2018-05-11,2
Fairy Fountain,Super Guitar Bros,2018-02-22,2
A Sky On Fire,Isora Hill,2023-01-27,2
Fallen Down,Toby Fox,2015-09-15,2
"Famous Blue Raincoat (Arr. Metcalfe, Foster)",Miloš Karadaglić,2019-09-13,2
Son Of A Sinner,Jelly Roll,2021-09-17,2
A Model of the Universe,Jóhann Jóhannsson,2014-11-04,2
Anfractuous View,Tomasz Kraal,2022-06-03,2
Mia & Sebastian’s Theme,Justin Hurwitz,2016-12-09,2
Mia & Sebastian's Theme x Je Te Laisserai Des Mots,Miamariel,2014-04-08,2
"Sonata concertata in A Major, Op. 61, MS 2: III. Rondeu - Allegretto con brio scherzando",Niccolò Paganini,1994-05-27,2
ONCE UPON A TIME (FREESTYLE),IDK,2018-11-09,2
Ménuet Belmonte,Flavio Apicella,2023-01-13,2
"Sonata for Violin and Guitar in A Minor, Op. 2, No. 6, MS 26: Tempo di Walzer",Niccolò Paganini,1994-05-27,2
A Minor Waltz,Pianopassion,2021-03-19,2
Antar (After N. Rimsky-Korsakov): No. 7. Ravel: Allegretto,Maurice Ravel,2017-04-14,2
Walk to School,Philip Glass,2020-04-03,2
"Montero: Adagio (After Bach's Violin Concerto No. 2, BWV 1042)",Johann Sebastian Bach,2006-05-01,2
"Six Pieces, Op. 51, TH 143: VI. Valse sentimentale. Tempo di Valse",Pyotr Ilyich Tchaikovsky,2019-10-18,2
Silenzio d'amuri,Alfio Antico,2001,2
Dreamscape,Austin Farwell,2021-01-17,2
For Stormboy,Rhiannon Bannenberg,2015-07-28,2
Reflections,The Neighbourhood,2018-11-02,2
"16 Waltzes, Op. 39 (1867 version): No. 3 in G-Sharp Minor",Johannes Brahms,1995-12-31,2
Je te laisserai des mots,Patrick Watson,2010-09-10,2
"Prélude in E minor, Op. 28, No. 4",Frédéric Chopin,1995,2
Birthday Piano Theme,Victor Butzelaar,2017-03-31,2
Kennedy / Bawol / Kukurba / Lato: Time 4 Time,Jerzy Bawol,2003-06-02,2
"The Well-Tempered Clavier, Book 1, BWV 846-869 / Prelude & Fugue in C Major, BWV 846: I. Prelude",Johann Sebastian Bach,2023-03-16,2
Serra Gelada,Giovanni Renzo,2020-01-15,2
"Prelude In C Minor, BWV 999 : Prelude In C Minor, BWV 999",Janos Sebestyen,1993-02-10,2
The Trianon,Joshua Kyan Aalampour,2022-09-23,2
Lost Time,Javi Lobe,2021-04-02,2
The Tree,Ludovico Einaudi,2023-01-06,2
"13 Pieces, Op. 76: No. 3 Carillon",Jean Sibelius,2003-06-11,2
Shabeh Eshgh,Hayedeh,2008-07-19,2
The Theory of Everything,Jóhann Jóhannsson,2014-11-04,2
Rue des trois frères,Fabrizio Paterlini,2010-10-29,2
Camping,Bluey,2021-01-22,2
timelapse,Øneheart,2023-03-17,2
wishes,Sto Nii,2023-01-27,2
Halfaouine,Anouar Brahem,2006-02-24,2
Wind Song,Ludovico Einaudi,2023-03-16,2
Chiar di Luna,On Piano,2020-09-18,2
Van Gogh,Pony Bradshaw,2019-06-21,2
Gordos,Pascal Gaigne,2009,2
"Variations on a Rococo Theme, Op. 33, TH 57: Var: VI. Andante",Pyotr Ilyich Tchaikovsky,2013-09-23,2
Trinité,Elena Miguel,2022-04-07,2
Idyllica,Oberohn,2023-02-16,2
Holm Sound,Erland Cooper,2020-10-06,2
"When Our Wings Are Cut, Can We Still Fly?",Kronos Quartet,2003-11-25,2
Raindrop Waltz No. 1 in B Minor,Joshua Kyan Aalampour,2020-11-01,2
"Traditional: Ajde Jano (Arr. by Jerzy Bawol, Nigel Kennedy, Tomasz Kukurba and Tomasz Lato)",Traditional,2003-06-02,2
I Wanted to Leave,SYML,2022-12-23,2
Idea 10,Gibran Alcocer,2022-07-09,2
3 Gymnopédies: No. 1 Lent et douloureux,Erik Satie,2002-01-01,2
Bells,The Unlikely Candidates,2018-10-12,2
Lone Sojourner,Yu-Peng Chen,2020-06-19,2
Plus tôt (String Quartet Version) - Spotify Singles,Alexandra Streliski,2022-03-22,2
The Last Conversation,LazyLofi Boy,2022-05-20,2
Astrakan Café - 1,Anouar Brahem,2000-09-18,2
Flower Duet,Léo Delibes,2004-09-28,2
Pigalle,DJ Snake,2016-08-05,2
"6 Chants polonais, S. 480: No. 2, Frühling (Wiosna, Spring) [After Chopin's Op. 74]",Franz Liszt,1997-11-03,2
For 4,Hideyuki Hashimoto,2022-08-26,2
The Mistral Noir,Daniel Herskedal,2015-03-30,2
The Hourglass,Ben Crosland,2020-06-19,2
"Le Carnaval des Animaux, R. 125: 13. Le Cygne",Camille Saint-Saëns,1980-01-01,2
Under Trees,Bernward Koch,2009-05-19,2
"6 Pezzi, P. 44: No. 6. Internmezzo-serenata",Ottorino Respighi,1997-12-12,2
the lakes - bonus track,Taylor Swift,2020-08-18,2
Flower Day,Heart Piano,2017-05-24,2
Ballerina,Yehezkel Raz,2019-12-10,2
La melancolie (arr. H. Kraggerud): La Melancolie (arr. H. Kraggerud),Henning Kraggerud,1999-11-29,2
dream river.,Woodsman,2022-10-21,2
Return to Versailles,Joshua Kyan Aalampour,2022-01-29,2
Perpendicular,Sumsar,2023-01-13,2
"Rêverie, L. 68: Rêverie",Claude Debussy,2012-01-01,2
Laetitia,paris91,2022-12-23,2
Saudade (When We Are Born),Ólafur Arnalds,2021-06-11,1
Cheshmanat Arezoost,Ehaam,2018-07-15,1
Sleeping Lotus,Joep Beving,2015-03-01,1
"Running By The Roads, Running By The Fields (Solo Piano)",Library Tapes,2021-02-19,1
"Satie: 6 Gnossiennes: No. 1, Lent",Erik Satie,2022-03-25,1
70,Gdaal,2016-09-26,1
Singularities,Constance Lucas,2022-07-29,1
Sirtaki (Zorba),Orchestra Mesogios,1974-12-12,1
"Schoenberg: Verklärte Nacht, Op. 4: I. Grave",Arnold Schoenberg,1995-04-27,1
"Sibelius: 5 Pieces, Op. 75: No. 5, The Spruce",Jean Sibelius,2014-03-14,1
Satie / Orch. Ducros: Gymnopédie No. 1,Erik Satie,2020-11-06,1
Baraye,Shervin Hajipour,2022-09-27,1
“latom” (looking at the ordinary moon),ordinary__oak,2022-02-17,1
Silence,Marshmello,2017-08-11,1
smile more,sammy rash,2022-11-18,1
"So This Is Love - From ""Cinderella""",Ilene Woods,1995-01-01,1
Secret Garden,Bruce Springsteen,1995-02-27,1
سرود آزادی,Ethnic Musicians,2022-10-31,1
Send A Raven North,Una Luna,2017-01-01,1
"Serenade, D. 957, No. 4",Franz Schubert,1961,1
AZHIR,Hiphopologist,2021-11-25,1
Sicilienne (Arr. by Söllscher),Maria Theresia von Paradis,2007-01-01,1
Sanctum Sonar,Jasmin Lambert,2022-12-09,1
Solas,Jamie Duffy,2022-02-04,1
Somewhere in Between,Jacob LaVallee,2020-01-08,1
"Siciliano (After ""Erbarme dich"" from Matthäus-Passion, BWV 244, No. 39)",Johann Sebastian Bach,2021-04-09,1
"Waltz No. 19 in A minor, Op. posth.",Frédéric Chopin,2023-03-16,1
saman,Ólafur Arnalds,2018-08-24,1
Staircase Sonata,Gabríel Ólafs,2019-08-30,1
my dream last night,CDM,2022-05-20,1
"Traditional: Kazimierz (Arr. by Jerzy Bawol, Nigel Kennedy, Tomasz Kukurba and Tomasz Lato)",Traditional,2003-06-02,1
Trace of Grace,Alim Qasimov,2017,1
You in the Rain,Sherwood Roberts,2020-12-25,1
You'll Miss Us One Day,Ben Lukas Boysen,2013,1
Zendegi Ba Tou,Moein,2007-11-05,1
Zingarella,Enrico Musiani,2006,1
a leap of sleep,alhivi,2023-01-13,1
blissful moments,yawn,2022-05-13,1
charkhesh e pooch,Kiosk,2008-01-01,1
Clocks,Coldplay,2002-08-08,1
cornfield chase (theme from interstellar) - piano version,Sjors Weijermars,2022-02-18,1
The Swan,Camille Saint-Saëns,2002-01-01,1
The Stars We Follow,Federico Albanese,2019-05-03,1
enter sleep,Soiboi,2022-08-12,1
golden hour - Piano Version,Peaceful Noise,2022-09-01,1
The Perfect Two,Lílian Pinto,2022-12-16,1
The One I Love - Remastered 2012,R.E.M.,1987-09-01,1
In the Shadows,Foreign Air,2016-09-23,1
The Nearness Of You - 2020 Mix,Frank Sinatra,2023-03-16,1
Ylang Ylang - Slowed,fam0uz,2022-12-24,1
"Traditional: Tribute to Maria Tanase (Arr. by Jerzy Bawol, Nigel Kennedy, Tomasz Kukurba and Tomasz Lato)",Traditional,2003-06-02,1
Trapped,Secret Chart,2021-09-25,1
"Vivaldi: The Four Seasons, Violin Concerto in E Major, Op. 8 No. 1, RV 269 ""Spring"": III. Allegro",Antonio Vivaldi,1977-02-18,1
Waltz from Sleeping Beauty (Piano Version),Legend The Band,2020-11-16,1
"Waltz No. 1, Op. 6 ""Collapse""",Hikaru Shirosu,2020-07-03,1
"Waltz in A Minor, Op. Posth., B. 150",Frédéric Chopin,2018-08-03,1
Waltz,Fabrizio Paterlini,2020-06-05,1
Water Falls,René Aubry,2017-05-26,1
Weightless,Marconi Union,2012-10-29,1
"Vivaldi: The Four Seasons, Violin Concerto in G Minor, Op. 8 No. 2, RV 315 ""Summer"": I. Allegro non molto",Antonio Vivaldi,1977-02-18,1
"Vivaldi: The Four Seasons, Violin Concerto in F Major, Op. 8 No. 3, RV 293 ""Autumn"": I. Allegro",Antonio Vivaldi,1977-02-18,1
"Vivaldi: The Four Seasons, Violin Concerto in E Major, Op. 8 No. 1, RV 269 ""Spring"": I. Allegro",Antonio Vivaldi,1977-02-18,1
Trumpets Of Datura,Leisel Walker,2023-01-20,1
"Vivaldi: L'estro armonico, Concerto for Two Violins in A Minor, Op. 3 No. 8, RV 522 ""Per eco in lontano"": I. Allegro",Antonio Vivaldi,2003-01-01,1
Welkin,Con Alma,2022-05-20,1
Victor's Piano Solo,Danny Elfman,2005-09-20,1
"Vespers, Op. 37: Nunc dimittis",Sergei Rachmaninoff,2009-02-09,1
"Verklärte Nacht, Op. 4",Arnold Schoenberg,2013-05-17,1
"Vater unser im Himmelreich, BWV 737",Johann Sebastian Bach,2020-01-24,1
Where Is My Mind? - Remastered,Pixies,1988-03-21,1
Un amour impossible,Joshua Kyan Aalampour,2020-11-18,1
The Mercy of the Wind,Million Eyes,2015-02-20,1
The Last Waltz,Engelbert Humperdinck,1967-11-25,1
Stardreams (Theme),Charlie Spivak & His Orchestra,2010-06-30,1
The Haunted Victorian Pencil,A Winged Victory for the Sullen,2019-11-01,1
Sylvains d'orient,Renaud Garcia-Fons,2019-04-26,1
Ghaf,Alireza Talischi,2021-01-29,1
Swarm of Fish,Pianopassion,2016-11-10,1
GHORS,Hiphopologist,2021-11-05,1
Summer - Concerto No. 2 in G minor RV315: Presto,Notepad Music,2004-01-01,1
"Suite in D Minor, HWV 447: Allemande",George Frideric Handel,2012-02-10,1
"Suite in D Minor, HWV 437: III. Saraband",George Frideric Handel,1992-09-01,1
"Suite in B-Flat Major, HWV 434: IV. Menuet",George Frideric Handel,2014-05-19,1
Suite From Abdelzar: I. Rondeau,Henry Purcell,2002-04-09,1
Sugarcane - Remix,Camidoh,2022-04-08,1
Parandeh,Siavash Ghomayshi,2015-04-16,1
Stuff We Did - Piano Version,Sergy el Som,1998,1
"Stuff We Did (from ""Up"")",Michael Giacchino,2021-10-22,1
"String Quartet No. 3 in E-Flat Minor, Op. 30, TH 113: III. Andante funebre e doloroso, ma con moto",Pyotr Ilyich Tchaikovsky,2016-11-18,1
"String Quartet No. 3 in E-Flat Minor, Op. 30, TH 113: I. Andante sostenuto - Allegro moderato - Andante sostenuto",Pyotr Ilyich Tchaikovsky,2016-11-18,1
Stories,Rebecka Aether,2021-07-29,1
Parandeh,Siavash Ghomayshi,2015-04-16,1
Ghaf,Alireza Talischi,2021-01-29,1
Starry Night - Edit,Peggy Gou,2019-03-22,1
دانلود آهنگ سلامتی اون ک رفت بزنیم ریمیکس,Mango Music YT,2023-01-07,1
Sylvia: Act III: Divertissement: Variation - Valse,Léo Delibes,1996-01-17,1
"Symphonic Variations on an African Air, Op. 63",Samuel Coleridge-Taylor,1993-01-01,1
yarom bia,Kiosk,2008-01-01,1
Past Lives - Brazilian Rave Funk,Dj Agos,2022-12-19,1
The Gift,Seether,2005-01-01,1
The French Library,Franz Gordon,2020-10-30,1
The Ellie Badge,Michael Giacchino,2009-01-01,1
The Dreams that Stuff is Made Of,Jóhann Jóhannsson,2014-11-04,1
The Corner Of Your Eye,Hior Chronik,2023-01-20,1
"The Carnival of the Animals, R. 125: XIII. The Swan (Arr. for Cello and Piano)",Camille Saint-Saëns,2015-09-18,1
That Was Yesterday,Leon Bridges,2019-07-19,1
Tender Strength,Yu-Peng Chen,2020-09-28,1
"Symphony No. 2 in C Major, Op. 61: III. Langsam",Robert Schumann,2014-11-21,1
Tarfala,Karin Borg,2017-10-01,1
Talking Seas,Ziva,2022-11-28,1
Take Me to Your Leader - Demo,Foreigner,1977-03-08,1
Étude: Op. 76 No. 2,Jean Sibelius,2016-05-20,1
Take 5 - Solips - Klaus Sahm Rework,Kevin Imbrechts,2022-06-24,1
Something in the Orange,Zach Bryan,2022-04-22,1
Dadim Raft Toro,Behzad Leito,2015-01-14,1
Synesthesia (Scaled Down Version),Peter Sandberg,2016-06-17,1
'A città 'e pulecenella (feat. Dear Jack),Gigi D'Alessio,2015-10-16,1
"Moon River (From ""Breakfast at Tiffany's"")",Andy Williams,1962,1
Romance de Amor,Anonymous,1998-12-01,1
Expansion,Amalgamare,2022-07-29,1
Glass House (feat. Naomi Wild),Machine Gun Kelly,2019-07-05,1
"G Minor Bach (From ""Piano Tiles 2"")",Jacob's Piano,2018-05-16,1
Fuji - Futatabi,Magnùs Cour,2022-07-15,1
From Paris With Love - Single Version,Melody Gardot,2020-10-23,1
Free Skating,Michael Giacchino,2015-01-01,1
"Forgetting, Almost",Mike Lazarev,2020-03-27,1
For Us By Us,Dezvelkito,2022-08-26,1
Footsteps,Pop Evil,2015-08-21,1
Followers,AREA21,2021-09-17,1
Flâneuses,Biba Dupont,2023-01-20,1
FIREPLACE,DAE DREEM,2022-12-14,1
Filma Solo,Gabríel Ólafs,2020-06-26,1
Fearthainne,Cora Droma,2020-01-15,1
Eshghe Sorat,Kiosk,2007-04-02,1
Kennedy / Bawol / Kukurba / Lato: Kukush,Jerzy Bawol,2003-06-02,1
Epilogue,Justin Hurwitz,2016-12-09,1
Eosphoros,Adam Gallo,2022-05-13,1
Enfantillages pittoresques: II. Berceuse,Erik Satie,2010,1
El cant dels ocells (Song of the Birds) (version for cello and orchestra),Pablo Casals,2015-02-03,1
Drifting Away,Audien,2022-09-09,1
Downstreams,Max Swan,2018-05-06,1
Do Pa Fatahi,Ehsan Abdi Pour,2021-01-04,1
Dismantle,Peter Sandberg,2016-06-17,1
Deleh Divuneh,Hayedeh,2008-07-19,1
Deep As Love,Tord Gustavsen Trio,2003-03-17,1
"De perdidos, al río",Claribel Ramón,2022-03-18,1
David Melrose Theme,Hauschka,2018-06-08,1
Damascus - Solo Piano,Oskar Schuster,2018-08-31,1
Glassworks: I. Opening,Philip Glass,2023-03-17,1
"Gnossiennes: No. 1, Lent",Erik Satie,2023-03-17,1
"Goldberg Variations, BWV 988: Aria",Johann Sebastian Bach,2023-03-14,1
Graceful Touch,Tord Gustavsen Trio,2003-03-17,1
Jazz Suite No. 2: II. Lyric Waltz,Dmitri Shostakovich,2002-04-15,1
Into The Dark (feat. Kellin Quinn),Point North,2020-08-21,1
Interstellar Main Theme - Piano Version,Patrik Pietschmann,2019-05-17,1
Interconnectivity,Sigríður,2018-02-08,1
In The Dark - Remastered 2010,Billy Squier,1981,1
In Motion,Trent Reznor and Atticus Ross,2010-09-28,1
Improvisations sur les folies d'Espagne (extraits) (Marin Marais),Marin Marais,2001-01-01,1
Imperial,j^p^n,2016-03-31,1
Il lago,Lorenzo Fiore,2022-01-21,1
If Only I Could Stop the Clock,Maarten Schellekens,2023-01-10,1
III. Urn,Childish Gambino,2013-12-10,1
I Want to Know What Love Is - 1999 Remaster,Foreigner,1984-12-12,1
I Don't Want to Live Without You,Foreigner,1987-11-25,1
Human,Cody Johnson,2021-10-08,1
Howl's Moving Castle Theme: Merry-Go-Round of Life - Piano,Frozen Silence,2022-02-04,1
Historia De Un Amor,Luis Miguel,1994-08-30,1
Historia De Un Amor,Luis Miguel,1994-08-30,1
High Above,Austin Farwell,2020-09-09,1
Her Eyes the Stars,LUCHS,2016-09-14,1
Heartsease,Nadia Oak,2022-09-03,1
Hard Times,Paramore,2017-05-12,1
"Handel: Serse, HWV 40, Act 1: ""Frondi tenere ... Ombra mai fu"" (Xerse)",George Frideric Handel,2019-10-25,1
"Handel: Organ Concerto in B-Flat Major, Op. 7 No. 3, HWV 308: II. Adagio",George Frideric Handel,2002,1
"Handel: Oboe Concerto in B-Flat Major, HWV 301: IV. Vivace",George Frideric Handel,2002,1
"Handel: Lascia ch'io pianga (Aria di Almirena, from Rinaldo HWV 7)",George Frideric Handel,2017-09-01,1
Halcyon Age,Vansire,2018-04-26,1
Guárdame Esta Noche,El Fantasma,2020-09-11,1
Cos I doubt,Luna Bauer,2022-09-02,1
Continuous Rain,The Sound Of The Rain,2021-01-02,1
Connected Colors - Solo Piano Version,Piano Novel,2020-01-10,1
"Bach, JS: Goldberg Variations, BWV 988: Aria",Johann Sebastian Bach,2021-11-26,1
Baba Pami Lerin Ayo (My Aspiration),Yinka Ayefele,2003-12-13,1
Autumn Leaf,Esperanza,2021-09-03,1
At War with the World - Stereo Demo Version,Foreigner,1977-03-08,1
Ashes,Stellar,2020-05-03,1
Armellodie,Olga Scheps,2019-03-08,1
Aria de la Pastorale en ut mineur BWV 590,Johann Sebastian Bach,2010-12-07,1
Arcadiana: VI. O Albion,Thomas Adès,2015-03-09,1
Answer With Light,Warble,2022-04-22,1
Another Love,Tom Odell,2013-06-24,1
And So the Story Began,Jef Martens,2019-09-20,1
And She Came Home,James Heather,2018-12-07,1
An Amalgamation Waltz 1839,Joep Beving,2023-03-16,1
Amor Mio,Frank Sark,2008-04-19,1
"Alcina, HWV 34 / Act 1: Oh Dei! Quivi non scorgo",George Frideric Handel,2009-01-01,1
Agbalu Aka Na Azo Ani,Chief Stephen Osita Osadebe,2006-03-16,1
Adès: Les baricades mistérieuses,Thomas Adès,2004-02-24,1
"Abdelazer, Z.570: 2. Rondeau",Henry Purcell,2022-06-01,1
Ab Ovo,Joep Beving,2023-03-16,1
A Winter's Elegy,Steven Poole,2022-12-28,1
A Timeless Flame,Thurisaz,2004-06-01,1
A Fragment of My Soul,Invadable Harmony,2021-03-10,1
85mm,Ludovico Einaudi,2023-02-24,1
3 Pieces for cello and piano: No. 1. Modere,Nadia Boulanger,2010-02-23,1
"16 Waltzes, Op. 39: No. 15 In A Flat Major",Johannes Brahms,1994-06-07,1
1440 - Remastered 10th Anniversary Edition,Ólafur Arnalds,2007-10-29,1
"13 Pieces, Op. 76: No. 2 Etude",Jean Sibelius,2003-06-11,1
Var bor du lilla råtta?,Sarah Mathieson,2022-10-28,1
"Bach, JS : Well-Tempered Clavier Book 1 : Prelude No.1 in C major BWV846",Daniel Barenboim,2004,1
Bella Ci Dormi,Elina Duni,2020-11-13,1
"Concerto grosso in G Major, Op. 3, No. 3, HWV 314: I. Largo e staccato",George Frideric Handel,1996-01-01,1
Better Times,Tales of Vibrations,2022-11-04,1
"Concerto grosso in G Major, Op. 3, No. 3, HWV 314: III. Adagio",George Frideric Handel,1996-01-01,1
"Concerto grosso in B-Flat Major, Op. 3 No. 2, HWV 313: II. Largo",George Frideric Handel,2021-05-07,1
Con Cupido,Walter Giulini,2023-02-28,1
Comptine D'un Autre Été,Brain Power Amadeus,2020-03-08,1
Clouds,BUNT.,2023-01-13,1
"Clarinet Concerto in A Major, K. 622: II. Adagio - Live",Wolfgang Amadeus Mozart,2023-03-17,1
Ciuri ciuri,Otello Profazio,1978,1
City Lights,Ese 40'z,2021-09-06,1
Ciaccona (Antonio Falconiero ca. 1585-1656),Claudio Monteverdi,2011-10-01,1
"Children's Album No. 1 ""Pictures of Childhood"": No. 1, Andantino",Aram Khachaturian,2021-03-12,1
"Chamber Concerto in D Minor, RV 96: I. Allegro",Antonio Vivaldi,1998-05-04,1
Chalkboard,Jóhann Jóhannsson,2014-11-04,1
"Ce Qui Est Fait, Est Fait",Louis Guerrier,2022-12-30,1
Bambini al telefono,Nicola Piovani,1994,1
Carnival of the Animals: The Swan,Camille Saint-Saëns,2020-09-25,1
Carmen: Habanera - Instrumental,Andre Kostelanetz,1989-11-02,1
Calde atmosfere,Giovanni Tornambene,2010,1
C'est extra,Léo Ferré,1986-01-01,1
By The Sea (From Eternity And A Day),Eleni Karaindrou,2020-02-18,1
brutal,Olivia Rodrigo,2021-05-21,1
Boundless,Aero Chord,2014-10-06,1
Bolero Chiquito,Eu Nice,2021-03-05,1
Bloem / Λουλούδι / Virág,Michiel Borstlap,2022-06-24,1
BLAZING,Ariis,2022-10-15,1
Blanket Of Winter White,Stephen Weber,2023-01-20,1
Bird’s Teardrops (Live),Estas Tonne,2021-06-18,1
Bezan Tar,Hayedeh,2008-07-18,1
Juke Box Hero,Foreigner,1981,1
"Kinderszenen, Op. 15: No. 1, Von fremden Ländern und Menschen",Robert Schumann,1962,1
"Romance no 1 ""Nordica""",Antoine Minot,2022-04-01,1
Oltremare,Ludovico Einaudi,2006-01-01,1
Pacha Mama,Henning Fuchs,2020-11-13,1
Otis,JAY-Z,2011-08-08,1
Oscar Tango,Penguin Cafe Orchestra,1996-01-01,1
"Orpheo ed Euridice, Wq. 30, Act II: Dance of the Blessed Spirits",Christoph Willibald Gluck,1960,1
Opus #24,Matt Stewart-Evans,2016-03-28,1
Open Arms (feat. Travis Scott),SZA,2022-12-09,1
Only If You Stay,Comet Blue,2023-03-09,1
One Thousand Stars For You,Christophe Luciani,2019-11-08,1
One More Night,Maroon 5,2012-01-01,1
Once Upon a Dream,Disney Peaceful Piano,2018-11-16,1
On The Way (feat. Mila J),Jhené Aiko,2020-07-17,1
On the Nature of Daylight (Entropy),Max Richter,2018-05-11,1
"On an overgrown path, Book I: No. 7, Good Night!",Leoš Janáček,2021-08-27,1
Oktobervals,Christian Peterson-Bergling,2022-12-16,1
"King Arthur, Z. 628, ""The British Worthy"": Air",Henry Purcell,2000-01-01,1
Oboe Concerto in D Minor: II. Adagio,Alessandro Marcello,1992-11-26,1
O bella ciao,Salvatore Ida',2010,1
Notturno for Strings and Harp,Arnold Schoenberg,2020-01-17,1
Nostalgica,Thom Nelson,2023-02-14,1
Normal Girl,SZA,2017-06-09,1
Nocturnes n°7 en mi majeur,Francis Poulenc,1996,1
"Nocturne in C-Sharp Minor, B. 49",Frédéric Chopin,2023-03-15,1
"Nocturne No. 2 In E Flat, Op. 9 No. 2",Frédéric Chopin,2023-03-16,1
Nocturne No. 10 In E Minor,Benjamin Frith,2000-06-03,1
"Nocturne in C-Sharp Minor, B. 49",Frédéric Chopin,2023-03-15,1
Night And Day,Diana Krall,2017-05-05,1
New Home,Austin Farwell,2021-05-11,1
Nature Shift,Per Salomon,2023-01-02,1
"Paola, 11099",Mikis Theodorakis,2003-01-01,1
Paris Loves Lovers - Instrumental,MGM Studio Orchestra,1957-07-18,1
Parisienne Walkways,Gary Moore,1978,1
Pathetique Sonata (2nd Movement),Brain Power Amadeus,2020-03-08,1
reprise,salvia palth,2013-01-01,1
Reflections of My Life,Marmalade,1969-11-14,1
Red Sky at Night,David Gilmour,2006-03-06,1
Ready Set Love,Piotr Miteska,2017-10-02,1
Ravi Varmake Andhani (Lofi),S. Janaki,2023-03-15,1
"Quintetto in Do Maggiore La Musica Notturna Delle Strade Di Madrid Op. 30, No. 6, G. 324: Passa Calle - Allegro Vivo",Luigi Boccherini,2005-01-01,1
"Purcell: Trumpet Sonata in D Major, Z. 850: II. Adagio",Henry Purcell,2009-09-01,1
"Purcell: King Arthur, Z. 628, Act II: Second Act Tune. Air",Henry Purcell,2009-11-10,1
Prince Of Gumbay,TSU!,2020-07-31,1
Preludio Saudade: La Catedral,Agustín Barrios Mangoré,2021-01-29,1
"Prelude in C Major, BWV 846",Johann Sebastian Bach,2017-09-29,1
"Prelude in B minor, BWV 855a (Arr. by Alexander Siloti)",Johann Sebastian Bach,2021-11-12,1
Poêm of the Atoms II,Armand Amar,2005-12-01,1
Poêm of the Atoms I,Armand Amar,2005-12-01,1
Pour l'amour de toi,Piotr Miteska,2018-10-09,1
Pour Les Oiseaux,Sylvain Chauveau,2004-04-15,1
Porch Light,Josh Meloy,2022-11-18,1
Porcelain Hands,Weatherday,2019-04-29,1
Pinô,Otto A. Totland,2014-01-31,1
Pink And Golden Billows,Brambles,2012-10-22,1
"Pierrot Lunaire, Op. 21 (1912) / Part 1: I. Mondestrunken",Arnold Schoenberg,1998-01-01,1
"Piano Sonata No. 14 in C-Sharp Minor, Op. 27 No. 2 - ""Moonlight"": I. Adagio sostenuto",Ludwig van Beethoven,2023-03-16,1
"Piano Quartet No. 1 in G Minor, Op. 25 (Orch. A. Schoenberg): II. Intermezzo",Arnold Schoenberg,2015-08-07,1
"Piano Concerto No. 2 in F Major, Op. 102: II. Andante",Dmitri Shostakovich,2017-01-13,1
Perfectly Splendid,The Newton Brothers,2020-10-09,1
People Watching,Conan Gray,2022-06-24,1
Peaches Etude,FINNEAS,2021-10-15,1
Nagoo Nemiyam,Hayedeh,2008-07-18,1
My Shit,A Boogie Wit da Hoodie,2016-09-16,1
Musica Universalis,Alex Baranowski,2013-01-01,1
Love You Anyway,Luke Combs,2023-02-10,1
"Long, Long Way from Home",Foreigner,1977-03-08,1
London Sleeps,Roberto Cacciapaglia,2022-12-09,1
Little Forest,Hiroko Murakami,2022-01-21,1
Lion Theme,Dustin O'Halloran,2016-11-25,1
"Les quatre saisons, L'hiver: Allegro non molto",Antonio Vivaldi,1995-03-15,1
Les petits papiers,Les Croquants,2001-11-30,1
Les loups sont entrés dans Paris - Réenregistrement Polydor,Serge Reggiani,2019-05-24,1
Les feuilles mortes,Yves Montand,1980-12-01,1
Les Barricades mystérieuses,François Couperin,2012-02-10,1
Leiting,Ole-Bjørn Talstad,2022-04-15,1
Leila au pays du carrousel,Anouar Brahem,2002-09-09,1
Le déserteur,Boris Vian,2010-01-01,1
Le Festin - Piano Version,Sergy el Som,1998,1
"Le Carnaval des Animaux, R. 125: 7. Aquarium",Camille Saint-Saëns,2023-03-16,1
Larissa,Ark,2022-11-28,1
"Largo ""Poetique""",Antoine Minot,2022-12-09,1
Lamento Boliviano,Los Enanitos Verdes,1994-01-01,1
La rue de montmartre,Aleron Lapointe,2023-01-06,1
La dolce vita,Nino Rota,2010-09-01,1
Such Small Hands,La Dispute,2018-09-11,1
La Tour - Orchestral Version,Samuel Lindon,2019-06-17,1
"La Fille aux Cheveux de Lin, L. 33",Claude Debussy,1994,1
L'âme rêvée,Zoé Gaspard,2022-12-30,1
L'autre Valse D'amélie,Frédéric Schubert,2018-09-11,1
L'Homme aux bras ballants - Live,Yann Tiersen,2002-09-27,1
Tu Vuo' Fa L'Americano (Alternate Take),Renato Carosone,1954-11-26,1
Kiss of fire,WOODZ,2021-10-05,1
Losing My Religion,R.E.M.,1991-03-12,1
Lovers in Paris,Jacob Gurevitsch,2015-11-13,1
Mursejler,Jacob David,2021-02-05,1
Lovers' Oath,Yu-Peng Chen,2021-07-19,1
Mozart: Concerto For Clarinet And Orchestra In A (K. 622),Jack Brymer,1985-01-01,1
"Moving to the Ghetto Oct. 31, 1940",Wojciech Kilar,1995,1
Morpho,Ali Toygar,2021-01-29,1
Soothing Rain Music,Relaxation Sleep Meditation,2022-06-16,1
Moon Love,Boombox Cartel,2018-03-16,1
Monégasque,Agnes Klein,2023-01-06,1
Mon p'tit loup,Sofiane,2017-09-08,1
"Miserere, Op.44: 11. Miserere nobis - Lento, tranquilissimo, cantabilissimo, dolcissimo",Henryk Górecki,2012-01-01,1
Minute Waltz (Op. 64 No. 1),Rousseau,2019-02-03,1
"Minuet in G Minor, HWV 434 No. 4 (Arr. Kempff)",George Frideric Handel,2006,1
Mini Moonlight Sonata,Dick Walter,2014-07-28,1
Michelle,Sir Chloe,2020-10-23,1
Mia & Sebastian's Theme,Kim Bo,2019-06-11,1
"Messiah, HWV 56, Part I: Pastoral Symphony, ""Pifa"" (arr. L. Stokowski)",George Frideric Handel,2006-09-01,1
MERCURIO,KAROL G,2023-02-24,1
Menuet in G Minor (trans. W. Kempff),Wilhelm Kempff,1992-05-20,1
Memory Lane,Old Dominion,2023-01-05,1
Maybe Together Again,alhivi,2022-06-10,1
"Mass in B Minor, BWV 232: Kyrie: Kyrie eleison (Chorus)",Johann Sebastian Bach,2007-10-03,1
"Mass in B Minor, BWV 232: Kyrie: Christe eleison (Soprano I and II)",Johann Sebastian Bach,2007-10-03,1
"Mass in B Minor, BWV 232: Gloria: Laudamus te (Soprano II)",Johann Sebastian Bach,2007-10-03,1
"Mass in B Minor, BWV 232: Gloria: Et in terra pax (Chorus)",Johann Sebastian Bach,2007-10-03,1
"Married Life (From ""Up"")",Cover Kid,2019-04-25,1
Marisola - Remix,Cris Mj,2022-12-15,1
"Mandolin Concerto in C Major, RV 425: I. Allegro",Antonio Vivaldi,2023-03-14,1
Mah Pishanoo,Darya Dadvar,2009-05-27,1
Luna silenziosa in A Minor,Claudio Gizzi,2014,1
꽃날 (황진이 OST),달콤한꿈,2019-04-13,1
