,Musics
0,'74-'75
1,(What Did I Do to Be So) Black and Blue
2,016 - und der Zauberspiegel - Teil 07
3,100 In A 55
4,"12 Études, Op. 10: No. 1 in C Major ""Waterfall"""
5,"12 Études, Op. 10: No. 8 in F Major ""Sunshine"""
6,1980-F
7,32-20 Blues
8,4 Dance Episodes from Rodeo: IV. Hoe Down
9,500 Miles Away from Home
10,7 Days
11,99 Year Blues - Live
12,A Cruz Que Carrego
13,A Place In The Sun
14,A State Of Trance Year Mix 2019 (Mixed) - Outro: Class Dismissed
15,A Tale of 2 Citiez
16,A la Orilla del Mar
17,Aaj Ki Raat Mohabbat Hai Jawan
18,Ac-Cent-Tchu-Ate The Positive
19,Add It Up
20,Ae Dil Meri Aahon Mein
21,After The Dance
22,Aftermath
23,Ai Que Saudades da Amélia
24,Ain't Misbehavin'
25,Ain't Too Proud To Beg - Remastered
26,All Apologies
27,All Down The Line
28,All For Love - Giuseppe Ottaviani Remix
29,All For Me Grog
30,American Kids
31,Amor de Mujer Ajena
32,Amsterdam
33,Andai Dia Tahu
34,Another Man's Woman
35,Anthem
36,Anthem 2003 - Radio Edit
37,Aquele Abraço
38,Around the World
39,As Long as I'm Moving
40,Ashes
41,Astral Traveling
42,Auf Ihr Brueder
43,Ave Maria
44,Baby - Take 1
45,Back to You
46,Bajare Bmkuzha
47,Bajo el Beso de la Luna - Remasterizado
48,Bajo el Sol de Granada - Remasterizado
49,Bak Şu Adama Aşık Oldu
50,Bambossa - Nicole Moudaber Gorge-Ous Remix
51,Band On The Run - Remastered 2010
52,Barrio Reo - Remasterizado
53,Bear Cat Mama From Horner's Corners
54,Beautiful Dreamer
55,Because (Live 2014)
56,Bedard Ka Bulao
57,"Bellini: Norma, Act 1: ""Fine al rito e il sacro bosco"" (Norma, Oroveso, Chorus)"
58,"Bellini: Norma, Act 1: ""Sediziose voci"" (Norma, Oroveso, Chorus)"
59,Ben de Özledim
60,Big Momma Thang
61,Bir Muhabbet Kuşu
62,Black Metal
63,Blinded By The Light
64,Blinding Lights
65,Blue Rose
66,Bluebird - Remastered 2010
67,Blues Music
68,"Blumenfest-Polka, Op. 111"
69,Boppin' the Blues
70,Bubble (Alternate Version) [Remastered]
71,Bubbles
72,Bungle in the Jungle
73,Burn Me Down
74,But Beautiful
75,By The Beautiful Sea
76,"Bye, Bye Baby"
77,Calling All My Lovelies
78,Campo - Remasterizado
79,Canción de otoño
80,Canción del Carretero - Remastered
81,Capítulo 2.16 - Banquero Anarquista
82,Capítulo 2.5 - la Legión de los Condenados
83,Carve
84,Catch You On The Rebound
85,Caterpillar Crawl
86,Cathedral
87,Caught in a Dream
88,"Cavalleria rusticana: ""Oh! Il Signore vi manda"""
89,"Cello Sonata No. 5 in D Major, Op. 102 No. 2: II. Adagio con molto sentimento d'affetto"
90,"Cello Sonata in G Minor, Op. 19: I. Lento - Allegro moderato"
91,Chale Pawan Ki Chaal Jag Mein
92,Chalo Beer Chalo Beer
93,Chapter 1.10 - Dziewczynka z Luna Parku: Część 1
94,Chapter 1.19 - Dziewczynka z Luna Parku: Część 1
95,Chapter 1.5 - Zamek kaniowski
96,Chapter 127.2 & Chapter 128.1 - Sprawy Sherlocka Holmesa
97,Chapter 128.2 & Chapter 129.1 - Dolina strachu
98,Chapter 154 - The Unlit Lamp
99,Chapter 16.7 - Kariera Nikodema Dyzmy
100,Chapter 19.2 & Chapter 20.1 - Dolina strachu
101,Chapter 2.15 - Zamek kaniowski
102,Chapter 21.2 & Chapter 22.1 - Dolina strachu
103,Chapter 224.2 & Chapter 225.1 - Doktor Murek zredukowany
104,Chapter 38 - The Unlit Lamp
105,Chapter 4.15 - Król Maciuś Pierwszy
106,Chapter 4.4 - Król Maciuś na wyspie bezludnej
107,Chapter 4.6 - Król Maciuś na wyspie bezludnej
108,Chapter 6.15 - Król Maciuś Pierwszy
109,Chapter 64 - The Unlit Lamp
110,Chapter 7.2 - Król Maciuś na wyspie bezludnej
111,Cheve (2011)
112,Chicken Talk
113,Choro
114,Christmas Morning Blues
115,"Church Bells, Firecrackers"
116,Cija Je Devojka
117,Coconut Woman
118,Come Rain or Come Shine
119,Come to My Aid - 2008 Remaster
120,Compañera Gaucha - Remasterizado
121,"Concerto No.. 2 in C Minor, Op.18: Adagio sostenuto"
122,"Concerto in D minor after Alessandro Marcello, BWV 974: I. [ ]"
123,Crapa Pelada
124,Cross and Evil Woman Blues
125,Cumbersome
126,Dancing Bear
127,Dans sa baignoire
128,"Das ist bei uns nicht möglich, Kapitel 84"
129,De Música Ligera
130,De-ai știi tu
131,Death Letter Blues (fragments) (152-B)
132,Demonoid Phenomenon
133,Der Zigeunerbaron: Ouvertüre
134,"Der var Engang: No. 1, Forspil"
135,Die Landstreicher: Ouvertüre
136,"Die Walküre, WWV 86B - Concert version / Act 3: The Ride of the Valkyries"
137,Dinshesher Ranga Mukul
138,Dirty Diana - 2012 Remaster
139,Disarm - Remastered
140,Discord
141,Do It Right Now
142,Doin' The Uptown Lowdown
143,Don Dolón Dolón
144,Don't Answer Me
145,Don't It Make My Brown Eyes Blue
146,Don't Knock The Rock
147,Don't Stop Me Now - Remastered 2011
148,Don't Talk to Me About Love
149,Don't Tread On Me
150,Doobti Nao Ko Tinke Ka Sahara Na
151,Doug's Tune
152,Down in the Valley
153,Drowning [ASOT 541] - Avicii Remix
154,Dulce condena
155,Dura
156,E Não Vou Mais Deixar Você Tão Só - Versão remasterizada
157,Eager Beaver
158,Easy to Love
159,Echoes
160,Ekti Kamal Phutechilo
161,El Chamuyo - Instrumental (Remasterizado)
162,El Comandante
163,El Prisionero - Remasterizado
164,El Shak Yahia El Gharam
165,Ela É Carioca
166,Elevators (Me & You)
167,Elle a perdu son pantalon
168,En La Nochbuena
169,En cambio no
170,Entro a Tallar el Amor - Instrumental (Remasterizado)
171,Espelho
172,Esta Tristeza Mía
173,Eternity And A Day: 2. By The Sea
174,Every Time I See You
175,"Everyday (feat. Rod Stewart, Miguel & Mark Ronson)"
176,Evil Hearted Woman
177,Falando Sério - Versão Remasterizada
178,Falling Apart - Remastered 2020
179,Feats of Phoenician Feets
180,Feche os Olhos (All My Loving)
181,Femme Fatale
182,Fine And Dandy
183,First Inaugural Address - 03 04 1933
184,Flash's Theme - Remastered 2011
185,Freestyle
186,Freestyler
187,Friends and Lovers
188,Girl Gone Bad - 2015 Remaster
189,Go
190,God Will Take Care of You
191,Goin' Co'tin'
192,Good Enough
193,Good Little Bad Little You (Carroll Gibbons)
194,Hallelujah! (12-17-37)
195,Have I Told You Lately - Studio Version Remix
196,"Haydn: String Quartet No. 30 in E-Flat Major, Op. 33 No. 2, Hob. III, 38, ""The Joke"": II. Scherzo (Allegro)"
197,Hazey Jane I
198,Heart of Steel
199,Helena Beat
200,"Hello, My Darling (with Teddy Wilson & His Orchestra) - Take 1"
201,Here Comes Santa Claus (Down Santa Claus Lane)
202,Higher (Mixed)
203,Hit the Dancefloor 2011
204,Holiday Inn
205,House of the Rising Sun
206,How Sweet It Is To Be In Love
207,Hoy He Visto Pasar A Maria
208,Human
209,Hurtin' You Don't Come Easy
210,Hypnotized (Mixed)
211,I Called You This Morning
212,I Can't Believe That You're In Love With Me
213,I Can't Get Started - Instrumental
214,I Love How You Love Me
215,I Remember You
216,I Want to Follow the Swallow Back Home to Colorado
217,I'd Cry Like A Baby
218,I'll Make It All Up To You - 1964 Version
219,I'm Confessin'
220,I'm Crazy 'Bout My Baby
221,I'm Gonna Leave You
222,I'm Ready
223,"If I Can't Have You - From ""Saturday Night Fever"""
224,In the Misty Moonlight
225,Inside You
226,Is It Like Today?
227,It's Killing Me (Mix Cut) - Original Mix
228,"Itami - Live at Cafe Oto, June 11/09/2017"
229,Jane Woh Kaise Log The
230,Je ne t'écrirai plus
231,Joan Of Arc (Maid Of Orleans) - Remastered
232,Jraaduss
233,Jump - 2004 Remaster
234,Just Friends - 1991 Digital Remaster
235,Just Imagine
236,Kannan Varuvan
237,Kapitel 111 - Der Page und die Herzogin
238,Kapitel 240 - Der Page und die Herzogin
239,Kapitel 308 - Der Page und die Herzogin
240,Kapitel 373 - Der Page und die Herzogin
241,Kapitel 47 - Der Page und die Herzogin
242,Kathe Agapi
243,Kau Tercipta Bukan Untukku
244,Kaun Sune Fariyad Meri
245,Keep It Moving (Take 4)
246,Khe Sanh - 2011 Remastered
247,"Kinderszenen, Op. 15: No. 1, Von fremden Ländern und Menschen"
248,Kino T Asteri To Lampro
249,Král A Klaun
250,La Canción del Camino - Remasterizado
251,La Chambelona
252,La Malagueña
253,La Tristeza Esta En Mí
254,La Tropilla - Remasterizado
255,La Valse Des Coups De Pied Au Boum
256,"La chanson d'Eve, Op.95: 10. O mort poussière d'étoiles"
257,La gazza ladra: Overture
258,La mer
259,Labelled With Love
260,Labios Pintados - Remasterizado
261,Lady of the Evening
262,Late for the Sky
263,Le Bazarî Eşq
264,Let's Go Get Stoned
265,Let's Ride
266,Like Someone In Love
267,Lips Are Movin
268,Little Girl
269,Livets melodi
270,Lolipop
271,Lonesome Blues
272,Lonesome Me
273,Long Legged Woman Dressed In Black
274,Look What You've Done - Mono Version
275,Los Patinadores - Instrumental (Remasterizado)
276,Lost in Thought
277,Love Feels Like Fire
278,"Love Is a Many-Splendored Thing - From the 20th Century-Fox Picture ""Love Is a Many-Splendored Thing"""
279,Love...Thy Will Be Done - Single Version
280,Lovely Rita - Remix
281,"Lover Come Back To Me - Live In Los Angeles, 1954"
282,Low
283,Lullaby Of The Leaves
284,Mad Hatter
285,Magasin
286,Mailman Bring Me No More Blues
287,Main Shair To Nahin
288,Main Unki Ban Jaoon Re
289,Mais Que Nada
290,Make It With You
291,Makin' Whoopee! (with Paul Weston & His Orchestra)
292,Mama Don't Tear My Clothes
293,Mama Said
294,Man of the Year
295,"Mantikoynika tagapsi, solo klarino"
296,Many Rivers to Cross
297,Margarita
298,Mariba Yassa
299,Marioneta - Remasterizado
300,Me Enamoré de Ti
301,Me namora
302,Mean Little Mama
303,Meditation
304,Medley: As Long As I Live/Let's Live Again
305,Memories of You
306,"Messiah, HWV 56: I Know That My Redeemer Liveth"
307,Mi Fracaso
308,Minor Blues
309,Mirror Mirror
310,Molly and Tenbrooks (The Race Horse Song)
311,Moonglow - Remastered
312,Moonlight In Vermont
313,Motion Pictures (For Carrie) - 2016 Remaster
314,Mr. Saxobeat - Radio Edit
315,Mr. Smiley
316,My ! My !
317,My Fair Lady: Get Me to the Church on Time
318,My Maria
319,Na zei kaneis sth monaksia
320,Nadie Es Como Tú
321,Nashville Blues
322,New Americana
323,Nice Work If You Can Get It
324,No Angles - Feel It Club Mix
325,"No More - Live In Los Angeles, 1954"
326,Nobody Else But Me
327,Nuvole Bianche
328,O Mio Babbino Caro
329,O pressentimento
330,Oh Death
331,Oh Pretty Woman
332,"Oh, Atlanta"
333,"Oh, What a Good Thing We Had"
334,Ojitos Traidores
335,Old American Songs (Set 2): At the River (Hymn Tune)
336,Older Woman (2008)
337,Oldugumde Mezarima Gelirmisin
338,On Our Own
339,On the Bank Crisis - 03 12 1933
340,One Call Away
341,One For My Baby (And One More For The Road)
342,One Headlight
343,Open Your Eyes
344,Original Jelly Roll Blues
345,Overture to The Barber of Seville
346,Papa
347,Paratiisilinnut - Live
348,Pata de Palo - Remasterizado
349,Patricia
350,Pauvre Martin
351,Perdido
352,Perfect
353,Pericon Nacional - Instrumental (Remasterizado)
354,Pero Me Acuerdo de Tí
355,"Piano Sonata No. 5 in G Major, K. 283 (K. 189h): II. Andante - Attaca"
356,Pictures at an Exhibition: Promenade IV
357,Piece By Piece
358,Pieces of My Life
359,Pink Triangle
360,Piya Nahin Aaye More
361,Play It Loud - 2009 Remastered Version
362,Please Mr. Postman
363,Pobrecita - Instrumental (Remasterizado)
364,Poema
365,Poinciana
366,Poker Face
367,Polk Salad Annie
368,Portsmouth
369,Pot Pourri - Remastered
370,Premaleelayenoyi
371,Pretty Boy
372,Prisoner of Your Eyes
373,Promises
374,Psalms No. 4
375,"Puccini: La bohème, Act 2: ""Aranci, datteri!"" (Coro/Schaunard/Colline/Rodolfo/Mimì/Marcello/Ragazzi)"
376,"Puccini: Madama Butterfly, Act 2: ""Or a noi"" (Butterfly, Sharpless)"
377,"Płoną góry, płoną lasy"
378,Que Sabe la Gente - Remasterizado
379,Qué Bueno Baila Usted
380,Rab Mere Araz Sun
381,Raining Blood
382,Ramji Ramji
383,Rapsodie Espagnole: I Prélude à la nuit
384,Rational Culture
385,Rayando El Sol (feat. Pablo Alborán)
386,Red Seal Malt
387,Reefer Man
388,Reforéstame
389,Regard de la Croix
390,Regard du silence
391,Reggae Gone Ragga
392,Rei do Gado
393,Relax - 2003 Remaster
394,Relax - New York Mix
395,Revolution Is My Name
396,Rinascimento - Mixed
397,Rise And Fall Of Jimmy Stokes
398,Rock Your Baby
399,Rollercoaster
400,Rollin'
401,Rosas
402,Rose Tattoo
403,Sad Mood
404,Sailing To Philadelphia
405,Samba Rasgado
406,Same Ole Me
407,Satan Is Real
408,Satmışım Anasını
409,Savoy Blues
410,Say It Ain't So
411,Scattin' At The Kit Kat
412,Scherzo (La Reine Mab)
413,"Schumann: Piano Concerto in A Minor, Op. 54: I. Allegro affettuoso"
414,Sea-Wash
415,September Song - Guitar Acoustic
416,Serenata Criolla - Remasterizado
417,Seventy Six Trombones
418,Shake Some Action
419,Shang-a-Lang
420,Shave 'Em Dry II
421,She Lies in the Morning - 2004 Remaster
422,Shelter - Photographer Radio Edit
423,Shine
424,Shooting at the Moon - 2003 Remaster
425,Shots
426,Sin After Sin - 2016 Remaster
427,Smoke Rings
428,Solitude (02-13-47)
429,"Somebody to Love - Live at The Woodstock Music & Art Fair, August 17, 1969"
430,Sometimes I'm Happy - Live
431,Sometimes You Can't Make It On Your Own
432,"Sonate pour violon et piano No. 21 in E-Flat Major, K. 380: III. Rondo (Allegro)"
433,"Sorge dich nicht - lebe! - Die Kunst, zu einem von Ängsten und Aufregungen befreiten Leben zu finden, Kapitel 20"
434,"Sorge dich nicht - lebe! - Die Kunst, zu einem von Ängsten und Aufregungen befreiten Leben zu finden, Kapitel 34"
435,"Sorge dich nicht - lebe! - Die Kunst, zu einem von Ängsten und Aufregungen befreiten Leben zu finden, Kapitel 52"
436,Speedy Gonzales
437,Spiegel im Spiegel - Version for Violin and Piano
438,"St. Matthew Passion, BWV 244 / Part Two: ""Erbarme dich"""
439,Stay - 2018 Remaster
440,Still
441,Stinkfist
442,Stranger on the Shore
443,String Quartet No. 15 in G major D.887 (2006 Digital Remaster): IV. Allegro assai
444,Sunday Morning
445,Supersonic - Remastered
446,Sympathy For The Devil - 50th Anniversary Edition
447,Só Pode Ser Você
448,Ta dio soy matia
449,Take His Hand (2008)
450,Tell Me Something Good
451,Tenderly
452,Terra straniera
453,That Certain Party - Remastered
454,That's My Kind Of Night
455,The American Way
456,The Carousel Waltz
457,The Chair
458,The Cowboy Rides Away
459,The Firebird: Introduction
460,The Girl From Ipanema
461,The Joy Of Living
462,The King Of The Mountain Cometh - B Side
463,The Lady with the Fan - Remastered
464,The Leanover
465,"The Lord God of Abraham, from Elijah, Op. 70"
466,The One
467,The One I Love (Belongs to Somebody Else)
468,The Price - 2016 Remaster
469,The Rite of Spring: Part II: Sacrificial Dance
470,The Sound of Music (1959): Climb Ev'ry Mountain - Voice
471,The Sound of Music (1959): Edelweiss - Voice
472,The Spell Of The Blues
473,The Thrill Is Gone
474,The Twelveth of Never
475,The Valley Road
476,"The Young Person's Guide to the Orchestra, Op. 34 (Variations and Fugue on a Theme of Purcell): Theme A. Allegro maestoso e largamente"
477,Thembi
478,"Theme from ""The Dark At the Top of the Stairs"""
479,Therapy (Mixed) - Super8 & Tab Remix
480,There's A Small Hotel
481,They All Laughed
482,Thiely
483,"Three Coins In The Fountain - From ""Three Coins In The Fountain"" / Remastered 1992"
484,Thunder Child
485,Til I Hear It From You
486,Tolon Tolon
487,"Tonight (From ""West Side Story"")"
488,"Top Hat, White Tie And Tails"
489,Tormented (Why Must I Be)
490,Tormentor
491,"Touch The Sky - From ""Brave""/Soundtrack"
492,Trouble
493,"True, Fine Mama"
494,Tum Kya Jano Mera Mathe Ki
495,Tum Raja Ho Hargiz Na Kisi Se Darna
496,"Turandot / Act 3: ""Nessun dorma!"""
497,Uhn Tiss Uhn Tiss Uhn Tiss
498,Under Pressure - Remastered 2011
499,"Variations and Fugue on a Theme by Handel, Op. 24: Variation IX"
500,"Variations and Fugue on a Theme by Handel, Op. 24: Variation V"
501,Vete Ya
502,Violin Concerto in D Major Op. 35: I Allegro moderato
503,"Violin Concerto in D Major, Op. 35: I. Allegro moderato"
504,"Violin Sonata No.9 in A Major, Op. 47 ""Kreutzer"": Variation II"
505,Virgen de Mi Soledad
506,Virgencita del Carmen - Remasterizado
507,Viva la Mamma! - Version 2
508,Vivo para Quererte - Remasterizado
509,Voices
510,Volvere
511,Walk Away
512,"Waltz No. 15 in A-Flat Major, Op. 39 (Remastered)"
513,"Waltz No. 5 in A-Flat Major, Op. 42"
514,Washington Square Park
515,Weight of Love
516,Welcome Home
517,"Werther, Acte III: Werther est de retour"
518,West Side Story: Act I: Something's Coming
519,What A Feeling
520,What About Us
521,What Mattered Most
522,What's Your Name
523,Whats the Blues Got to Do With It
524,When You Tell Me That You Love Me
525,Where Love Lives (Come On In) - Classic Mix
526,Where's My Love
527,White Christmas
528,"Whole Lotta Shakin' Goin' On - Live At The Municipal Auditorium, Birmingham, Alabama/1964"
529,Why don't you
530,Woman - Remastered 2010
531,Wrap It Up
532,Ya Mama
533,Years
534,Yeh Hai Bombay Meri Jaan
535,Yellow Submarine In Pepperland - Remastered 2009
536,Yo Tartamudeo - Remasterizado
537,You Can't Lose-a Me Cholly
538,"You Give A Little Love - From ""Bugsy Malone"" Original Motion Picture Soundtrack"
539,You Send Me
540,You'll Never Walk Alone
541,Young Boy Blues - Mono
542,Young Folks
543,"Zivio! Marsch, Op. 456"
544,Zoot Suit Riot
545,Zulu Music 2011 (The Waz Experience Cosmic Mix) [feat. Tc Izlam]
546,Η Βολιώτισσα
547,Κρητικοί χοροί
548,Ξένος είμαι κι ήλθα τώρα
549,Το ευζωνάκι
550,Глава 1.7 - Кюхля
551,Глава 2. Часть 2.10 - Кюхля
552,Глава 4. Часть 2.11 - Кюхля
553,Глава 9. Часть 1.5 - Кюхля
554,Зоопарк
555,Опиум для никого
